{"cameraMode":{"drawMode":0,"name":"Shaded","section":"Shading Mode"},"sceneLighting":true,"audioPlay":false,"sceneViewState":{"showFog":true,"showMaterialUpdate":false,"showSkybox":true,"showFlares":true,"showImageEffects":true,"showParticleSystems":true},"in2DMode":false,"pivot":{"x":232.91976928710938,"y":66.58531188964844,"z":4.159152984619141},"rotation":{"x":0.01943233236670494,"y":-0.08239071071147919,"z":0.0016069203848019243,"w":0.9964094161987305},"size":6.601070880889893,"orthographic":true}