{"cameraMode":{"drawMode":0,"name":"Shaded","section":"Shading Mode"},"sceneLighting":true,"audioPlay":false,"sceneViewState":{"showFog":true,"showMaterialUpdate":false,"showSkybox":true,"showFlares":true,"showImageEffects":true,"showParticleSystems":true},"in2DMode":false,"pivot":{"x":8.107666015625,"y":27.26123046875,"z":1.1526356935501099},"rotation":{"x":-0.41031816601753237,"y":0.5760499835014343,"z":-0.41081416606903078,"w":-0.5753583908081055},"size":4.411543846130371,"orthographic":true}