{"cameraMode":{"drawMode":0,"name":"Shaded","section":"Shading Mode"},"sceneLighting":true,"audioPlay":false,"sceneViewState":{"showFog":true,"showMaterialUpdate":false,"showSkybox":true,"showFlares":true,"showImageEffects":true,"showParticleSystems":true},"in2DMode":false,"pivot":{"x":0.000002384185791015625,"y":-32.347412109375,"z":8.555680274963379},"rotation":{"x":0.057884331792593,"y":-0.7388657927513123,"z":0.06399577111005783,"w":0.6683048009872437},"size":3.5717453956604006,"orthographic":true}