{"cameraMode":{"drawMode":0,"name":"Shaded","section":"Shading Mode"},"sceneLighting":true,"audioPlay":false,"sceneViewState":{"showFog":true,"showMaterialUpdate":false,"showSkybox":true,"showFlares":true,"showImageEffects":true,"showParticleSystems":true},"in2DMode":false,"pivot":{"x":0.10000002384185791,"y":0.5153279304504395,"z":0.2720003128051758},"rotation":{"x":0.3553107976913452,"y":0.05463794991374016,"z":-0.020809711888432504,"w":0.9329180121421814},"size":3.71774959564209,"orthographic":false}