{"cameraMode":{"drawMode":0,"name":"Shaded","section":"Shading Mode"},"sceneLighting":true,"audioPlay":false,"sceneViewState":{"showFog":true,"showMaterialUpdate":false,"showSkybox":true,"showFlares":true,"showImageEffects":true,"showParticleSystems":true},"in2DMode":false,"pivot":{"x":-0.01161813735961914,"y":2.0079760551452638,"z":-4.867700576782227},"rotation":{"x":-0.3925960659980774,"y":0.013794918544590474,"z":-0.00588956056162715,"w":-0.9195887446403503},"size":24.892229080200197,"orthographic":false}