{"cameraMode":{"drawMode":0,"name":"Shaded","section":"Shading Mode"},"sceneLighting":true,"audioPlay":false,"sceneViewState":{"showFog":true,"showMaterialUpdate":false,"showSkybox":true,"showFlares":true,"showImageEffects":true,"showParticleSystems":true},"in2DMode":false,"pivot":{"x":0.09000015258789063,"y":0.0,"z":0.26000022888183596},"rotation":{"x":0.18609477579593659,"y":-0.31771260499954226,"z":0.06374214589595795,"w":0.9275583028793335},"size":13.936247825622559,"orthographic":true}