{"cameraMode":{"drawMode":0,"name":"Shaded","section":"Shading Mode"},"sceneLighting":true,"audioPlay":false,"sceneViewState":{"showFog":true,"showMaterialUpdate":false,"showSkybox":true,"showFlares":true,"showImageEffects":true,"showParticleSystems":true},"in2DMode":false,"pivot":{"x":2.2692883014678957,"y":0.08555459976196289,"z":2.1290814876556398},"rotation":{"x":-0.4049973487854004,"y":0.009599382989108563,"z":-0.004253752063959837,"w":-0.9142575860023499},"size":17.585643768310548,"orthographic":true}