{"cameraMode":{"drawMode":0,"name":"Shaded","section":"Shading Mode"},"sceneLighting":true,"audioPlay":false,"sceneViewState":{"showFog":true,"showMaterialUpdate":false,"showSkybox":true,"showFlares":true,"showImageEffects":true,"showParticleSystems":true},"in2DMode":false,"pivot":{"x":-4.751025199890137,"y":-0.14999985694885255,"z":2.5500001907348635},"rotation":{"x":-0.4616464376449585,"y":-0.02128578908741474,"z":0.011081703938543797,"w":-0.8867394328117371},"size":1.4617443084716797,"orthographic":false}