{"cameraMode":{"drawMode":0,"name":"Shaded","section":"Shading Mode"},"sceneLighting":true,"audioPlay":false,"sceneViewState":{"showFog":true,"showMaterialUpdate":false,"showSkybox":true,"showFlares":true,"showImageEffects":true,"showParticleSystems":true},"in2DMode":false,"pivot":{"x":2.09033203125,"y":3.01318359375,"z":-0.89208984375},"rotation":{"x":-0.19064578413963319,"y":0.6510944366455078,"z":-0.17390361428260804,"w":-0.7137841582298279},"size":2.5144217014312746,"orthographic":true}