{"cameraMode":{"drawMode":0,"name":"Shaded","section":"Shading Mode"},"sceneLighting":true,"audioPlay":false,"sceneViewState":{"showFog":true,"showMaterialUpdate":false,"showSkybox":true,"showFlares":true,"showImageEffects":true,"showParticleSystems":true},"in2DMode":false,"pivot":{"x":1.1207668781280518,"y":1.4582881927490235,"z":-4.260331153869629},"rotation":{"x":0.41072317957878115,"y":0.08866959065198899,"z":-0.04017287865281105,"w":0.9065486192703247},"size":5.978437900543213,"orthographic":true}