{"cameraMode":{"drawMode":0,"name":"Shaded","section":"Shading Mode"},"sceneLighting":true,"audioPlay":false,"sceneViewState":{"showFog":true,"showMaterialUpdate":false,"showSkybox":true,"showFlares":true,"showImageEffects":true,"showParticleSystems":true},"in2DMode":false,"pivot":{"x":-6.914060115814209,"y":-31.966888427734376,"z":-1.7427072525024415},"rotation":{"x":-0.43497517704963686,"y":0.4139763116836548,"z":-0.2356562465429306,"w":-0.7641245722770691},"size":22.0,"orthographic":true}